{
    "0, 0": 421.37460969680905,
    "0, 1": 431.34688755396434,
    "0, 2": 441.2026977523086,
    "0, 3": 450.80816267342857,
    "0, 4": 460.041127932081,
    "0, 5": 468.83342574007696,
    "0, 6": 477.17198442321614,
    "0, 7": 485.07596569698154,
    "0, 8": 492.93935708953546,
    "0, 9": 500.4353949882927,
    "0, 10": 507.8477084004865,
    "0, 11": 514.9536344033211,
    "0, 12": 521.7111752948207,
    "0, 13": 528.3119761393357,
    "0, 14": 534.7063721234263,
    "0, 15": 540.7971542422993,
    "0, 16": 546.6042261606858,
    "0, 17": 552.1443386826281,
    "0, 18": 557.570212732122,
    "0, 19": 562.7782905119427,
    "0, 20": 567.733311332751,
    "1, 0": 431.2487939473841,
    "1, 1": 441.2211025813101,
    "1, 2": 451.07676264363715,
    "1, 3": 460.6815323372745,
    "1, 4": 469.91306437077435,
    "1, 5": 478.7032506928021,
    "1, 6": 487.03919670252577,
    "1, 7": 494.94020864548384,
    "1, 8": 502.43624221281016,
    "1, 9": 509.84854310007773,
    "1, 10": 516.9544645644802,
    "1, 11": 523.7120008867757,
    "1, 12": 530.3126541011457,
    "1, 13": 536.7070462267891,
    "1, 14": 542.7978244295098,
    "1, 15": 548.6048923975692,
    "1, 16": 554.1450009798285,
    "1, 17": 559.570663406412,
    "1, 18": 564.7787384412038,
    "1, 19": 569.7337564691896,
    "1, 20": 574.4268018671357,
    "2, 0": 440.7235154184528,
    "2, 1": 450.69557270562484,
    "2, 2": 460.54981428670015,
    "2, 3": 470.15077697565573,
    "2, 4": 479.3754308211302,
    "2, 5": 488.15588710950726,
    "2, 6": 496.48002860224375,
    "2, 7": 504.3678983607626,
    "2, 8": 511.84976200778294,
    "2, 9": 518.9556764975566,
    "2, 10": 525.713205971614,
    "2, 11": 532.3137397078997,
    "2, 12": 538.7081259463049,
    "2, 13": 544.7988983589358,
    "2, 14": 550.6059605845683,
    "2, 15": 556.1460634157266,
    "2, 16": 561.5714798860189,
    "2, 17": 566.7795505595002,
    "2, 18": 571.7345642360367,
    "2, 19": 576.4276053132426,
    "2, 20": 580.8238962372961,
    "3, 0": 449.54818612736386,
    "3, 1": 459.5194592798746,
    "3, 2": 469.3698434572588,
    "3, 3": 478.9609743376088,
    "3, 4": 488.1682130464329,
    "3, 5": 496.9242962962328,
    "3, 6": 505.21922533411083,
    "3, 7": 513.0751834518237,
    "3, 8": 520.523590088248,
    "3, 9": 527.5945355860288,
    "3, 10": 534.3149424547117,
    "3, 11": 540.7093221884926,
    "3, 12": 546.8000881920073,
    "3, 13": 552.607144067417,
    "3, 14": 558.1472405840448,
    "3, 15": 563.5725135063868,
    "3, 16": 568.7805791808958,
    "3, 17": 573.7355880457271,
    "3, 18": 578.4286244280354,
    "3, 19": 582.8249107240204,
    "3, 20": 586.9381765290774,
    "4, 0": 457.6400058291275,
    "4, 1": 467.6098139531659,
    "4, 2": 477.45302622539657,
    "4, 3": 487.02592295166386,
    "4, 4": 496.2009389272899,
    "4, 5": 504.91211688580984,
    "4, 6": 513.1536868778122,
    "4, 7": 520.9522751641034,
    "4, 8": 528.3420434543594,
    "4, 9": 535.3537728992367,
    "4, 10": 542.0137215847263,
    "4, 11": 548.345292073057,
    "4, 12": 554.3699749143334,
    "4, 13": 560.1071851424321,
    "4, 14": 565.573557081557,
    "4, 15": 570.781617291254,
    "4, 16": 575.7366207606656,
    "4, 17": 580.4296518679611,
    "4, 18": 584.8259331085787,
    "4, 19": 588.939099137649,
    "4, 20": 592.8610917415251,
    "5, 0": 465.61090962972537,
    "5, 1": 475.4539423349207,
    "5, 2": 485.0268027626336,
    "5, 3": 494.41759981768365,
    "5, 4": 503.54337262435706,
    "5, 5": 512.1860096004341,
    "5, 6": 520.3465239009018,
    "5, 7": 528.0589005904792,
    "5, 8": 535.362239304247,
    "5, 9": 542.2891548458847,
    "5, 10": 548.8655423828096,
    "5, 11": 555.1135255379692,
    "5, 12": 561.0533140282428,
    "5, 13": 566.703429059731,
    "5, 14": 572.0799828236584,
    "5, 15": 577.1951397060722,
    "5, 16": 582.0537984536406,
    "5, 17": 586.6468393846678,
    "5, 18": 590.9400252489037,
    "5, 19": 594.8620135326707,
    "5, 20": 598.3037774841528,
    "6, 0": 473.4548960205809,
    "6, 1": 483.02761070298726,
    "6, 2": 492.4183985043608,
    "6, 3": 501.5442063750552,
    "6, 4": 510.33146858071973,
    "6, 5": 518.8821857594415,
    "6, 6": 526.9340762841413,
    "6, 7": 534.531479412913,
    "6, 8": 541.7208631776216,
    "6, 9": 548.5381176493668,
    "6, 10": 555.0093457752636,
    "6, 11": 561.1554178234535,
    "6, 12": 566.9950234786106,
    "6, 13": 572.5454422652252,
    "6, 14": 577.8218840926473,
    "6, 15": 582.8358011743913,
    "6, 16": 587.5914788942532,
    "6, 17": 592.0794553730145,
    "6, 18": 596.265970638583,
    "6, 19": 600.0818346762444,
    "6, 20": 603.4224906915973,
    "7, 0": 481.0283156171162,
    "7, 1": 490.4191394124346,
    "7, 2": 499.54490554082884,
    "7, 3": 508.33226295630413,
    "7, 4": 516.8830049419187,
    "7, 5": 525.1293710952905,
    "7, 6": 533.0485715568067,
    "7, 7": 540.5054612330505,
    "7, 8": 547.5561085793411,
    "7, 9": 554.2411693223235,
    "7, 10": 560.5876923343799,
    "7, 11": 566.6155012569935,
    "7, 12": 572.3416817244009,
    "7, 13": 577.7820578626447,
    "7, 14": 582.9506887130564,
    "7, 15": 587.8581026196148,
    "7, 16": 592.50784839184,
    "7, 17": 596.8900850792692,
    "7, 18": 600.9714939181483,
    "7, 19": 604.6848386684508,
    "7, 20": 607.9295052544044,
    "8, 0": 488.419794365367,
    "8, 1": 497.54548125742303,
    "8, 2": 506.3329329937577,
    "8, 3": 514.8836800277284,
    "8, 4": 523.130164525103,
    "8, 5": 531.0493709320884,
    "8, 6": 538.787487185902,
    "8, 7": 546.0838245332891,
    "8, 8": 552.9756299693082,
    "8, 9": 559.5096400318663,
    "8, 10": 565.7146515556412,
    "8, 11": 571.6098056680686,
    "8, 12": 577.2106678771255,
    "8, 13": 582.5315521515699,
    "8, 14": 587.5852720758809,
    "8, 15": 592.3813651914948,
    "8, 16": 596.9226397363847,
    "8, 17": 601.1989204664476,
    "8, 18": 605.1773407582576,
    "8, 19": 608.7924382306919,
    "8, 20": 611.9469980480154,
    "9, 0": 495.5459009386558,
    "9, 1": 504.3334874625175,
    "9, 2": 512.8842062576018,
    "9, 3": 521.1308196004312,
    "9, 4": 529.0500316114842,
    "9, 5": 536.788264494303,
    "9, 6": 544.2136073562602,
    "9, 7": 551.3357785625844,
    "9, 8": 558.0542806036633,
    "9, 9": 564.422923118823,
    "9, 10": 570.473018678236,
    "9, 11": 576.2235041249263,
    "9, 12": 581.6886635897582,
    "9, 13": 586.8813956255439,
    "9, 14": 591.8133063288581,
    "9, 15": 596.4929833171551,
    "9, 16": 600.9225640490574,
    "9, 17": 605.0916251513024,
    "9, 18": 608.9677944354115,
    "9, 19": 612.4872641953378,
    "9, 20": 615.5558007826655,
    "10, 0": 502.33389340623955,
    "10, 1": 510.8845779037498,
    "10, 2": 519.1313309674061,
    "10, 3": 527.0505392302045,
    "10, 4": 534.7889075640732,
    "10, 5": 542.2143642791555,
    "10, 6": 549.3651052717801,
    "10, 7": 556.3054889852011,
    "10, 8": 562.8417090435847,
    "10, 9": 569.0352725020343,
    "10, 10": 574.920666520105,
    "10, 11": 580.5171547358807,
    "10, 12": 585.8380925802044,
    "10, 13": 590.8951746274976,
    "10, 14": 595.6989344411656,
    "10, 15": 600.2571195132621,
    "10, 16": 604.571304437393,
    "10, 17": 608.6309180288808,
    "10, 18": 612.4041379868343,
    "10, 19": 615.8287464006107,
    "10, 20": 618.8132149756799,
    "11, 0": 508.8848015124878,
    "11, 1": 517.1316925476876,
    "11, 2": 525.0508875146282,
    "11, 3": 532.7894017638642,
    "11, 4": 540.2149906641541,
    "11, 5": 547.3658427076739,
    "11, 6": 554.3062232874779,
    "11, 7": 561.0207243613503,
    "11, 8": 567.3701387082262,
    "11, 9": 573.382831759928,
    "11, 10": 579.096988791479,
    "11, 11": 584.5327297202894,
    "11, 12": 589.7028947557159,
    "11, 13": 594.6182571175506,
    "11, 14": 599.2884701462975,
    "11, 15": 603.7205870973233,
    "11, 16": 607.9157428260235,
    "11, 17": 611.8633195131767,
    "11, 18": 615.5321028952866,
    "11, 19": 618.8614355843956,
    "11, 20": 621.7623255834594,