{
    "0, 0": 430.1014123668448,
    "0, 1": 440.07035919718993,
    "0, 2": 449.9090034328363,
    "0, 3": 459.4684358944393,
    "0, 4": 468.6151164992067,
    "0, 5": 477.2791902391061,
    "0, 6": 485.4552468740312,
    "0, 7": 493.3413805906711,
    "0, 8": 501.05586314392787,
    "0, 9": 508.5577924641765,
    "0, 10": 515.8344185788461,
    "0, 11": 522.7338095184903,
    "0, 12": 529.5084403330727,
    "0, 13": 536.00861570526,
    "0, 14": 542.1906919733971,
    "0, 15": 548.0782634881458,
    "0, 16": 553.803241437728,
    "0, 17": 559.3224296598964,
    "0, 18": 564.5812636418375,
    "0, 19": 569.591676458044,
    "0, 20": 574.3582305344208,
    "1, 0": 440.0706794504909,
    "1, 1": 449.96846552102863,
    "1, 2": 459.80684204371636,
    "1, 3": 469.3652308185302,
    "1, 4": 478.5097376214828,
    "1, 5": 487.1704642499975,
    "1, 6": 495.3421927808068,
    "1, 7": 503.0566723991484,
    "1, 8": 510.5585898717933,
    "1, 9": 517.8352116745441,
    "1, 10": 524.7345982008088,
    "1, 11": 531.5090879733659,
    "1, 12": 538.0092595953759,
    "1, 13": 544.1913320495634,
    "1, 14": 550.0788997081947,
    "1, 15": 555.8036743521484,
    "1, 16": 561.3228598469889,
    "1, 17": 566.5816910305341,
    "1, 18": 571.5921009753555,
    "1, 19": 576.3586521421977,
    "1, 20": 580.8724134575718,
    "2, 0": 449.96937698988665,
    "2, 1": 459.8076860662069,
    "2, 2": 469.3761497638766,
    "2, 3": 478.9298024178068,
    "2, 4": 488.0652011814051,
    "2, 5": 496.71213972760347,
    "2, 6": 504.8660495510754,
    "2, 7": 512.5597543462113,
    "2, 8": 519.8363693666025,
    "2, 9": 526.7357490993694,
    "2, 10": 533.5101247217373,
    "2, 11": 540.0102905171844,
    "2, 12": 546.1923572658218,
    "2, 13": 552.0799192609032,
    "2, 14": 557.8044578598434,
    "2, 15": 563.3236390572919,
    "2, 16": 568.5824659457646,
    "2, 17": 573.5928716031715,
    "2, 18": 578.3594185162839,
    "2, 19": 582.8731756490038,
    "2, 20": 587.196085169837,
    "3, 0": 459.5406957023096,
    "3, 1": 469.3772208730388,
    "3, 2": 478.9308850742875,
    "3, 3": 488.06636292845934,
    "3, 4": 497.0583359558525,
    "3, 5": 505.67524261914514,
    "3, 6": 513.7901940320562,
    "3, 7": 521.438321934844,
    "3, 8": 528.6649299701655,
    "3, 9": 535.5112724487524,
    "3, 10": 542.0114319187359,
    "3, 11": 548.1934924591058,
    "3, 12": 554.0810483074026,
    "3, 13": 559.8054491987241,
    "3, 14": 565.324625484776,
    "3, 15": 570.583447610948,
    "3, 16": 575.593848568483,
    "3, 17": 580.3603907481391,
    "3, 18": 584.8741430501638,
    "3, 19": 589.1968221154427,
    "3, 20": 593.3022397913612,
    "4, 0": 468.567921879025,
    "4, 1": 478.40056640554866,
    "4, 2": 487.9437471341859,
    "4, 3": 497.0593503491251,
    "4, 4": 505.6762882928914,
    "4, 5": 513.9639410538173,
    "4, 6": 522.0176441218688,
    "4, 7": 529.5938636591068,
    "4, 8": 536.7414276840791,
    "4, 9": 543.5041760530468,
    "4, 10": 549.9176284443224,
    "4, 11": 556.010459921138,
    "4, 12": 561.8064491430374,
    "4, 13": 567.3256201692178,
    "4, 14": 572.5844370631078,
    "4, 15": 577.5948328272345,
    "4, 16": 582.3613698755414,
    "4, 17": 586.8751171582895,
    "4, 18": 591.1977011504182,
    "4, 19": 595.3031148743672,
    "4, 20": 599.0546041943279,
    "5, 0": 476.95732428579936,
    "5, 1": 486.7838497649734,
    "5, 2": 496.310565756959,
    "5, 3": 505.39501163171474,
    "5, 4": 513.9648355315387,
    "5, 5": 522.0185448379066,
    "5, 6": 529.5947620432603,
    "5, 7": 537.0669450919662,
    "5, 8": 544.1119278451947,
    "5, 9": 550.7661949281934,
    "5, 10": 557.0676219458757,
    "5, 11": 563.046254538796,
    "5, 12": 568.7265676620447,
    "5, 13": 574.1288712522473,
    "5, 14": 579.2696702607728,
    "5, 15": 584.1608059348105,
    "5, 16": 588.8067295882136,
    "5, 17": 593.1985826111029,
    "5, 18": 597.3039919548136,
    "5, 19": 601.0554771703411,
    "5, 20": 604.4011657646162,
    "6, 0": 484.7847532526358,
    "6, 1": 494.5534133091363,
    "6, 2": 504.05829835928586,
    "6, 3": 513.1018703030795,
    "6, 4": 521.6103872292351,
    "6, 5": 529.5847205724538,
    "6, 6": 537.067764096809,
    "6, 7": 544.1127428080051,
    "6, 8": 550.8844709605069,
    "6, 9": 557.4139738565839,
    "6, 10": 563.5866644451331,
    "6, 11": 569.4345634052961,
    "6, 12": 574.9834489586683,
    "6, 13": 580.2543671129304,
    "6, 14": 585.2641057600262,
    "6, 15": 590.0244859381736,
    "6, 16": 594.5398145467877,
    "6, 17": 598.8012266732508,
    "6, 18": 602.777020498345,
    "6, 19": 606.4019903504197,
    "6, 20": 609.5770602603719,
    "7, 0": 492.5542404780392,
    "7, 1": 502.0589999276624,
    "7, 2": 511.2701820988154,
    "7, 3": 520.2646401748914,
    "7, 4": 528.7007958218373,
    "7, 5": 536.5827542756158,
    "7, 6": 543.958278133456,
    "7, 7": 550.8852470572331,
    "7, 8": 557.4147457797717,
    "7, 9": 563.5874322004316,
    "7, 10": 569.5946777783836,
    "7, 11": 575.3029271395624,
    "7, 12": 580.7116124335007,
    "7, 13": 585.8429595842291,
    "7, 14": 590.7144779270685,
    "7, 15": 595.3383200671994,
    "7, 16": 599.7188963554919,
    "7, 17": 603.8475021432147,
    "7, 18": 607.6932022876053,
    "7, 19": 611.193024296138,
    "7, 20": 614.2522602952993,
    "8, 0": 500.0596202146645,
    "8, 1": 509.2708532081261,
    "8, 2": 518.2652737835871,
    "8, 3": 526.9713508890852,
    "8, 4": 535.3255440573291,
    "8, 5": 543.1052293408616,
    "8, 6": 550.3638926646986,
    "8, 7": 557.1640878902515,
    "8, 8": 563.5602266384175,
    "8, 9": 569.595419735071,
    "8, 10": 575.3036650636682,
    "8, 11": 580.7459173631021,
    "8, 12": 586.0110620292965,
    "8, 13": 590.9992942733924,
    "8, 14": 595.7291782057325,
    "8, 15": 600.2136306511629,
    "8, 16": 604.4576077376371,
    "8, 17": 608.4529782527895,
    "8, 18": 612.1699100555185,
    "8, 19": 615.5477886321742,
    "8, 20": 618.4959917227047,
    "9, 0": 507.27144953379474,
    "9, 1": 516.2657977767409,
    "9, 2": 524.9719648495445,
    "9, 3": 533.3261622938875,
    "9, 4": 541.5559174123978,
    "9, 5": 549.2243227261745,
    "9, 6": 556.3589318224457,
    "9, 7": 563.0272352435145,
    "9, 8": 569.286382102549,
    "9, 9": 575.1810763257433,
    "9, 10": 580.7466328127143,
    "9, 11": 586.011773547525,
    "9, 12": 591.000001945809,
    "9, 13": 595.7945282776112,
    "9, 14": 600.382413884842,
    "9, 15": 604.7267886925688,
    "9, 16": 608.833540171685,
    "9, 17": 612.6955952391625,
    "9, 18": 616.2847166944435,
    "9, 19": 619.5429733586132,
    "9, 20": 622.3837684111469,
    "10, 0": 514.2661809645214,
    "10, 1": 522.9724732565455,
    "10, 2": 531.326644499598,
    "10, 3": 539.5565183101035,
    "10, 4": 547.4447366580214,
    "10, 5": 554.9929125981776,
    "10, 6": 561.9966079702198,
    "10, 7": 568.5289906178759,
    "10, 8": 574.6496518222307,
    "10, 9": 580.4039915786138,
    "10, 10": 585.8276473766474,
    "10, 11": 590.9499241357968,
    "10, 12": 595.7952146940821,
    "10, 13": 600.3830965663682,
    "10, 14": 604.7274677331986,
    "10, 15": 608.9297701057975,
    "10, 16": 612.900170830799,
    "10, 17": 616.6294053395994,
    "10, 18": 620.0912859110715,
    "10, 19": 623.2309991257546,
    "10, 20": 625.9661699856154,
    "11, 0": 520.9728454648837,
    "11, 1": 529.3269849773209,
    "11, 2": 537.5569869811852,
    "11, 3": 545.4453209468575,
    "11, 4": 553.0307155493881,
    "11, 5": 560.4501735898517,
    "11, 6": 567.3160459871438,
    "11, 7": 573.7083014380439,
    "11, 8": 579.6891749973547,
    "11, 9": 585.3042275045224,
    "11, 10": 590.5885254542127,
    "11, 11": 595.5710448453308,
    "11, 12": 600.2763458854772,
    "11, 13": 604.7245706862856,
    "11, 14": 608.9304287571629,
    "11, 15": 612.9008259840286,
    "11, 16": 616.6940167592784,
    "11, 17": 620.2921786148477,
    "11, 18": 623.6278037870052,
    "11, 19": 626.6495647203735,
    "11, 20": 629.2796599423607,