{
    "0, 0": 430.1133359748744,
    "0, 1": 440.08226513124225,
    "0, 2": 449.9208713992174,
    "0, 3": 459.48025762996474,
    "0, 4": 468.6268879749953,
    "0, 5": 477.2909045660096,
    "0, 6": 485.4668964989464,
    "0, 7": 493.3530000454585,
    "0, 8": 501.0674126712821,
    "0, 9": 508.56926798882574,
    "0, 10": 515.8458205636164,
    "0, 11": 522.745134430579,
    "0, 12": 529.5196164086249,
    "0, 13": 536.019708527477,
    "0, 14": 542.2016935366407,
    "0, 15": 548.0891627682234,
    "0, 16": 553.813895451363,
    "0, 17": 559.3329551302426,
    "0, 18": 564.5916382790762,
    "0, 19": 569.6018751665479,
    "0, 20": 574.3682278855899,
    "1, 0": 440.08248189548067,
    "1, 1": 449.98020718618494,
    "1, 2": 459.81849095097357,
    "1, 3": 469.37678825286355,
    "1, 4": 478.52122314710914,
    "1, 5": 487.18188646623054,
    "1, 6": 495.35355001792055,
    "1, 7": 503.0679608223152,
    "1, 8": 510.56980819991094,
    "1, 9": 517.8463580685478,
    "1, 10": 524.7456692209144,
    "1, 11": 531.52005564651,
    "1, 12": 538.0201455100132,
    "1, 13": 544.2021282852243,
    "1, 14": 550.0895953404017,
    "1, 15": 555.8141898712852,
    "1, 16": 561.3332480827554,
    "1, 17": 566.5919298088096,
    "1, 18": 571.6021653419509,
    "1, 19": 576.3685168290353,
    "1, 20": 580.882056362327,
    "2, 0": 449.980824225046,
    "2, 1": 459.81906237819976,
    "2, 2": 469.38738652556657,
    "2, 3": 478.9409229686703,
    "2, 4": 488.07623892276877,
    "2, 5": 496.72311232628965,
    "2, 6": 504.8769588234425,
    "2, 7": 512.5705973445719,
    "2, 8": 519.8471430100309,
    "2, 9": 526.7464500735233,
    "2, 10": 533.5207591796607,
    "2, 11": 540.0208456550799,
    "2, 12": 546.202825248462,
    "2, 13": 552.0902893133137,
    "2, 14": 557.8147233514222,
    "2, 15": 563.3337794748418,
    "2, 16": 568.5924593180621,
    "2, 17": 573.6026932408131,
    "2, 18": 578.3690434721775,
    "2, 19": 582.882582162237,
    "2, 20": 587.2051594483098,
    "3, 0": 459.5516546022881,
    "3, 1": 469.38811196194644,
    "3, 2": 478.94165631535714,
    "3, 3": 488.07702596657185,
    "3, 4": 497.06892815270623,
    "3, 5": 505.68577229110355,
    "3, 6": 513.8006627328189,
    "3, 7": 521.4487265580658,
    "3, 8": 528.6752671604886,
    "3, 9": 535.5215384296685,
    "3, 10": 542.0216213806518,
    "3, 11": 548.2035977287115,
    "3, 12": 554.0910588193879,
    "3, 13": 559.8153991264032,
    "3, 14": 565.3344531979351,
    "3, 15": 570.5931314061384,
    "3, 16": 575.603364152443,
    "3, 17": 580.3697136881542,
    "3, 18": 584.8832521505075,
    "3, 19": 589.2056702534419,
    "3, 20": 593.3108184910645,
    "4, 0": 468.57843829716757,
    "4, 1": 478.41102626214445,
    "4, 2": 487.95410609369867,
    "4, 3": 497.0696156740466,
    "4, 4": 505.68648119413723,
    "4, 5": 513.9741028694154,
    "4, 6": 522.0277465102743,
    "4, 7": 529.6039028361147,
    "4, 8": 536.7513996986255,
    "4, 9": 543.5140762978799,
    "4, 10": 549.9274503212127,
    "4, 11": 556.0201937814945,
    "4, 12": 561.8160815840405,
    "4, 13": 567.3351337052633,
    "4, 14": 572.5938104179613,
    "4, 15": 577.6040422126179,
    "4, 16": 582.3703914132786,
    "4, 17": 586.8839302017566,
    "4, 18": 591.2062823185265,
    "4, 19": 595.3114321344422,
    "4, 20": 599.0626599026948,
    "5, 0": 476.96748545503306,
    "5, 1": 486.79396229598234,
    "5, 2": 496.32059073129074,
    "5, 3": 505.40495316897625,
    "5, 4": 513.974709585846,
    "5, 5": 522.0283577166451,
    "5, 6": 529.6045128322746,
    "5, 7": 537.0766636290473,
    "5, 8": 544.1215777666855,
    "5, 9": 550.775770282189,
    "5, 10": 557.0771141203112,
    "5, 11": 563.0556508673606,
    "5, 12": 568.7358504532637,
    "5, 13": 574.1380174579341,
    "5, 14": 579.2786522254402,
    "5, 15": 584.1695936516974,
    "5, 16": 588.8152944342253,
    "5, 17": 593.2069019135558,
    "5, 18": 597.3120534898783,
    "5, 19": 601.0632828687734,
    "5, 20": 604.4085523516974,
    "6, 0": 484.7945749346672,
    "6, 1": 494.56321792270165,
    "6, 2": 504.0680217037842,
    "6, 3": 513.1115150163197,
    "6, 4": 521.6199666625546,
    "6, 5": 529.5942393079358,
    "6, 6": 537.077220160023,
    "6, 7": 544.122132092632,
    "6, 8": 550.8938104509459,
    "6, 9": 557.4232337847623,
    "6, 10": 563.5958334619389,
    "6, 11": 569.4436247337142,
    "6, 12": 574.9923791266691,
    "6, 13": 580.2631356969412,
    "6, 14": 585.2726768124238,
    "6, 15": 590.0328215555196,
    "6, 16": 594.547880260749,
    "6, 17": 598.8089975183034,
    "6, 18": 602.7844863803398,
    "6, 19": 606.4091596138278,
    "6, 20": 609.5839605088935,
    "7, 0": 492.5637791366349,
    "7, 1": 502.06849779717476,
    "7, 2": 511.27961203627206,
    "7, 3": 520.2739933725853,
    "7, 4": 528.7100840352834,
    "7, 5": 536.591980836736,
    "7, 6": 543.9674400373555,
    "7, 7": 550.8943390027235,
    "7, 8": 557.4237603999054,
    "7, 9": 563.5963585336383,
    "7, 10": 569.6035211186064,
    "7, 11": 575.3116473976115,
    "7, 12": 580.7201791985718,
    "7, 13": 585.8513338356329,
    "7, 14": 590.7226144414367,
    "7, 15": 595.3461725821603,
    "7, 16": 599.7264246672374,
    "7, 17": 603.8546793541549,
    "7, 18": 607.7000205221832,
    "7, 19": 611.1994978256064,
    "7, 20": 614.2584252178234,
    "8, 0": 500.06891894945755,
    "8, 1": 509.28006778146477,
    "8, 2": 518.2744238107322,
    "8, 3": 526.9804173143003,
    "8, 4": 535.3345442196802,
    "8, 5": 543.1141653217327,
    "8, 6": 550.3727604011592,
    "8, 7": 557.1728808069886,
    "8, 8": 563.5689354358013,
    "8, 9": 569.6040304089856,
    "8, 10": 575.3121568698077,
    "8, 11": 580.7542925997333,
    "8, 12": 586.0192589715332,
    "8, 13": 591.0072652302244,
    "8, 14": 595.7368692560553,
    "8, 15": 600.2209885890285,
    "8, 16": 604.4645886032844,
    "8, 17": 608.4595549326182,
    "8, 18": 612.1760773471821,
    "8, 19": 615.5535654655566,
    "8, 20": 618.5014201710115,
    "9, 0": 507.28047298004185,
    "9, 1": 516.2747800810865,
    "9, 2": 524.9808348146154,
    "9, 3": 533.334964939482,
    "9, 4": 541.5646351887104,
    "9, 5": 549.2329720736958,
    "9, 6": 556.367507699005,
    "9, 7": 563.0357299478299,
    "9, 8": 569.2947845059473,
    "9, 9": 575.1893693862132,
    "9, 10": 580.754791219924,
    "9, 11": 586.0197624517275,
    "9, 12": 591.0077776374264,
    "9, 13": 595.8021041327326,
    "9, 14": 600.3896733296043,
    "9, 15": 604.7336746165593,
    "9, 16": 608.8400083608626,
    "9, 17": 612.7016211147345,
    "9, 18": 616.2902982448621,
    "9, 19": 619.5481316904592,
    "9, 20": 622.3885467180552,
    "10, 0": 514.2750408548775,
    "10, 1": 522.9811809414762,
    "10, 2": 531.3352936295596,
    "10, 3": 539.5650448128695,
    "10, 4": 547.4531774828529,
    "10, 5": 555.0012791773337,
    "10, 6": 562.0048945432148,
    "10, 7": 568.5371888593286,
    "10, 8": 574.6577494559967,
    "10, 9": 580.4119693892192,
    "10, 10": 585.8354766092511,
    "10, 11": 590.9575654455846,
    "10, 12": 595.8026197216006,
    "10, 13": 600.3902127915292,
    "10, 14": 604.7342457662845,
    "10, 15": 608.9362523696896,
    "10, 16": 612.9062153682,
    "10, 17": 616.6349914002662,
    "10, 18": 620.0964148754327,
    "10, 19": 623.2356924546409,
    "10, 20": 625.9704678544834,
    "11, 0": 520.9814347785519,
    "11, 1": 529.3355262951638,
    "11, 2": 537.5653652741034,
    "11, 3": 545.4535770492232,
    "11, 4": 553.0388832763052,
    "11, 5": 560.458260133466,
    "11, 6": 567.3240452831951,
    "11, 7": 573.7162053366612,
    "11, 8": 579.6969713001663,
    "11, 9": 585.3118966293124,
    "11, 10": 590.5960377863555,
    "11, 11": 595.5783599350393,
    "11, 12": 600.2834145893966,
    "11, 13": 604.7313409458654,
    "11, 14": 608.9368539053538,
    "11, 15": 612.9068719691297,
    "11, 16": 616.6997621487847,
    "11, 17": 620.2974554271325,
    "11, 18": 623.6326114518047,
    "11, 19": 626.6539269251572,
    "11, 20": 629.2836206348829,