{
    "0, 0": 421.39566305580905,
    "0, 1": 431.3679100457142,
    "0, 2": 441.2236540383002,
    "0, 3": 450.82903844801956,
    "0, 4": 460.06191598512936,
    "0, 5": 468.85411334618834,
    "0, 6": 477.1925572962224,
    "0, 7": 485.0964133313603,
    "0, 8": 492.95975298889203,
    "0, 9": 500.4556590895228,
    "0, 10": 507.8678459122492,
    "0, 11": 514.9736348535369,
    "0, 12": 521.7310326559946,
    "0, 13": 528.3315800293587,
    "0, 14": 534.725824545948,
    "0, 15": 540.8164459970657,
    "0, 16": 546.6233469310707,
    "0, 17": 552.1632773922296,
    "0, 18": 557.5887490864824,
    "0, 19": 562.7966285829239,
    "0, 20": 567.7514393386878,
    "1, 0": 431.26961259035613,
    "1, 1": 441.241838221111,
    "1, 2": 451.0973361911021,
    "1, 3": 460.7019461991178,
    "1, 4": 469.9333526456297,
    "1, 5": 478.72342779991436,
    "1, 6": 487.0592587057564,
    "1, 7": 494.96014782126167,
    "1, 8": 502.45605253934707,
    "1, 9": 509.86823384925754,
    "1, 10": 516.9740214595539,
    "1, 11": 523.7314181133564,
    "1, 12": 530.3318968557522,
    "1, 13": 536.7261405720027,
    "1, 14": 542.8167614084618,
    "1, 15": 548.6236619930364,
    "1, 16": 554.1635924758803,
    "1, 17": 559.5889638077979,
    "1, 18": 564.7968435953501,
    "1, 19": 569.7516549103308,
    "1, 20": 574.4444835486339,
    "2, 0": 440.7436985812259,
    "2, 1": 450.7156433094049,
    "2, 2": 460.5696689352163,
    "2, 3": 470.1704286011832,
    "2, 4": 479.3949377976167,
    "2, 5": 488.1752798251059,
    "2, 6": 496.499309345446,
    "2, 7": 504.38706109777735,
    "2, 8": 511.86880102255645,
    "2, 9": 518.9745868086532,
    "2, 10": 525.7319821056828,
    "2, 11": 532.3324053751685,
    "2, 12": 538.726648314862,
    "2, 13": 544.8172688262507,
    "2, 14": 550.6241696301736,
    "2, 15": 556.1641009771604,
    "2, 16": 561.589355301503,
    "2, 17": 566.7972363397356,
    "2, 18": 571.7520494481264,
    "2, 19": 576.4448804674277,
    "2, 20": 580.840955785488,
    "3, 0": 449.56756442779454,
    "3, 1": 459.5387296352519,
    "3, 2": 469.388906785003,
    "3, 3": 478.97984321889504,
    "3, 4": 488.18694364844254,
    "3, 5": 496.9429178138644,
    "3, 6": 505.23773981033315,
    "3, 7": 513.093584760017,
    "3, 8": 520.5418722761464,
    "3, 9": 527.612693336165,
    "3, 10": 534.3329699581857,
    "3, 11": 540.7272125478249,
    "3, 12": 546.817833396539,
    "3, 13": 552.6247352601579,
    "3, 14": 558.1646684051908,
    "3, 15": 563.5898540427343,
    "3, 16": 568.7977375076725,
    "3, 17": 573.7525538206559,
    "3, 18": 578.4453888656441,
    "3, 19": 582.8414690058942,
    "3, 20": 586.9545495242876,
    "4, 0": 457.6586638379937,
    "4, 1": 467.6283779584859,
    "4, 2": 477.4714091687805,
    "4, 3": 487.0441338441595,
    "4, 4": 496.2190241958182,
    "4, 5": 504.9300995399804,
    "4, 6": 513.1715666577041,
    "4, 7": 520.970045090073,
    "4, 8": 528.3596969260859,
    "4, 9": 535.3713039243414,
    "4, 10": 542.0311237119957,
    "4, 11": 548.3625578540339,
    "4, 12": 554.3870958793148,
    "4, 13": 560.1241520232296,
    "4, 14": 565.5903601258951,
    "4, 15": 570.7982466067203,
    "4, 16": 575.753066819196,
    "4, 17": 580.4459066193322,
    "4, 18": 584.8419922314299,
    "4, 19": 588.9550222033687,
    "4, 20": 592.876808785685,
    "5, 0": 465.6288871728874,
    "5, 1": 475.4718350671913,
    "5, 2": 485.0445430416021,
    "5, 3": 494.4352453984784,
    "5, 4": 503.5609005927306,
    "5, 5": 512.2034387382586,
    "5, 6": 520.3638522191775,
    "5, 7": 528.076120262086,
    "5, 8": 535.3793429207774,
    "5, 9": 542.3061354990269,
    "5, 10": 548.8823926762751,
    "5, 11": 555.1302371427536,
    "5, 12": 561.0698777108109,
    "5, 13": 566.7198349154633,
    "5, 14": 572.0962205937501,
    "5, 15": 577.2111991650603,
    "5, 16": 582.0696700095978,
    "5, 17": 586.6625152746028,
    "5, 18": 590.9555017742946,
    "5, 19": 594.8772943347369,
    "5, 20": 598.3188768166201,
    "6, 0": 473.47227891515496,
    "6, 1": 483.0449193320131,
    "6, 2": 492.4356174347617,
    "6, 3": 501.56128927765303,
    "6, 4": 510.34847458449053,
    "6, 5": 518.899093575923,
    "6, 6": 526.9508827119876,
    "6, 7": 534.5481758700688,
    "6, 8": 541.7374414505662,
    "6, 9": 548.554569857859,
    "6, 10": 555.0256634500895,
    "6, 11": 561.1715915751271,
    "6, 12": 567.0110431180863,
    "6, 13": 572.5612970904796,
    "6, 14": 577.8375632423715,
    "6, 15": 582.8512940769733,
    "6, 16": 587.6067759629102,
    "6, 17": 592.0945492740464,
    "6, 18": 596.2808585088104,
    "6, 19": 600.0965212835424,
    "6, 20": 603.4369915465008,
    "7, 0": 481.0452480601979,
    "7, 1": 490.4359631418957,
    "7, 2": 499.5616159059889,
    "7, 3": 508.34884563037417,
    "7, 4": 516.8994768367563,
    "7, 5": 525.1457751919096,
    "7, 6": 533.0648704782594,
    "7, 7": 540.5216456040491,
    "7, 8": 547.5721694371115,
    "7, 9": 554.257097872017,
    "7, 10": 560.6034790306235,
    "7, 11": 566.6311355941134,
    "7, 12": 572.3571525024164,
    "7, 13": 577.7973535917379,
    "7, 14": 582.96579805431,
    "7, 15": 587.8730149084574,
    "7, 16": 592.5225543959565,
    "7, 17": 596.9045782825664,
    "7, 18": 600.9857726727087,
    "7, 19": 604.6989092213938,
    "7, 20": 607.9433846999481,
    "8, 0": 488.43626917483647,
    "8, 1": 497.5618853904126,
    "8, 2": 506.34915938983397,
    "8, 3": 514.8997936410597,
    "8, 4": 523.1461473716396,
    "8, 5": 531.0652465471503,
    "8, 6": 538.8032929213127,
    "8, 7": 546.0995072161477,
    "8, 8": 552.9911798640347,
    "8, 9": 559.5250474542648,
    "8, 10": 565.7299058778897,
    "8, 11": 571.6248952333729,
    "8, 12": 577.2255804779738,
    "8, 13": 582.5462756433278,
    "8, 14": 587.5997949754831,
    "8, 15": 592.3956772875445,
    "8, 16": 596.936732850526,
    "8, 17": 601.212789647692,
    "8, 18": 605.1909862624678,
    "8, 19": 608.8058683351987,
    "8, 20": 611.9602318024142,
    "9, 0": 495.5620821850955,
    "9, 1": 504.34941963238714,
    "9, 2": 512.9000413656491,
    "9, 3": 521.1464557822792,
    "9, 4": 529.065558762445,
    "9, 5": 536.8036599681775,
    "9, 6": 544.2289328340532,
    "9, 7": 551.3509682463826,
    "9, 8": 558.0693237660819,
    "9, 9": 564.4378090392265,
    "9, 10": 570.4877354858079,
    "9, 11": 576.2380388550541,
    "9, 12": 581.7030029841593,
    "9, 13": 586.8955270972843,
    "9, 14": 591.8272188183751,
    "9, 15": 596.5066679881668,
    "9, 16": 600.9360149411557,
    "9, 17": 605.1048401014077,
    "9, 18": 608.9807766936868,
    "9, 19": 612.5000248772186,
    "9, 20": 615.5683613350197,
    "10, 0": 502.34961056302745,
    "10, 1": 510.9002168438491,
    "10, 2": 519.1466974793822,
    "10, 3": 527.0657998549556,
    "10, 4": 534.8039653644121,
    "10, 5": 542.2292919448922,
    "10, 6": 549.3799591620835,
    "10, 7": 556.3201901611571,
    "10, 8": 562.8562452208733,
    "10, 9": 569.0496314232934,
    "10, 10": 574.9348345844935,
    "10, 11": 580.5311172588113,
    "10, 12": 585.8518350956563,
    "10, 13": 590.9086844178219,
    "10, 14": 595.712201776099,
    "10, 15": 600.2701383883009,
    "10, 16": 604.5840729063441,
    "10, 17": 608.6434385472456,
    "10, 18": 612.4164183625841,
    "10, 19": 615.8408016591507,
    "10, 20": 618.8250694333299,
    "11, 0": 508.900322797234,
    "11, 1": 517.1468690628409,
    "11, 2": 525.0659662058654,
    "11, 3": 532.8042016803971,
    "11, 4": 540.2295914351417,
    "11, 5": 547.3803113077747,
    "11, 6": 554.3205434676063,
    "11, 7": 561.0349367775659,
    "11, 8": 567.3841628250888,
    "11, 9": 573.3966528067643,
    "11, 10": 579.1105904897348,
    "11, 11": 584.5460948954934,
    "11, 12": 589.7160074381488,
    "11, 13": 594.6311049407757,
    "11, 14": 599.3010460990118,
    "11, 15": 603.7328901641923,
    "11, 16": 607.9277776317492,
    "11, 17": 611.8750956246352,
    "11, 18": 615.5436346912327,
    "11, 19": 618.8727432569578,
    "11, 20": 621.773436720198,